{"timestamps": [1549898069.22641, 1549898074.461582, 1549898083.964914, 1549898094.8737, 1549898105.885752, 1549898116.744944, 1549898118.163958, 1549898122.059066, 1549898122.899098, 1549898133.786602, 1549898145.008122], "initial_reset_timestamp": 1549898068.308318, "episode_types": ["t", "t", "t", "t", "t", "t", "t", "t", "t", "t", "t", "t"], "episode_lengths": [15, 58, 105, 120, 120, 120, 16, 42, 10, 120, 120], "episode_rewards": [-147.25736472329652, -128.83738141420577, -112.78297774039558, 34.80356966979416, 39.151964674385795, 38.28768168989643, -144.83505115925178, -142.66493522614334, -147.34667645256556, 55.33289526972376, 53.588364030890695]}