{"timestamps": [1550057210.249426, 1550057210.899324, 1550057211.511595, 1550057213.520545, 1550057217.804222, 1550057222.071523], "initial_reset_timestamp": 1550057207.932253, "episode_types": ["t", "t", "t", "t", "t", "t", "t"], "episode_lengths": [63, 19, 18, 60, 120, 120], "episode_rewards": [-133.1725528159036, -144.79229632373324, -145.03579494480755, -135.46330413141905, 40.90215383344437, 35.29622070424397]}